# BrainWash Table-1 sweep config — one row per (dataset, method).
# Paths are relative to the repo root (where you run sbatch). Tab-separated.
# lamb_emp is only used by afec_ewc (use - otherwise).
# Only EWC/MAS/RWALK/AFEC_EWC are implemented in this repo (no ANCL).
# Only CIFAR-100 + miniImageNet have ready checkpoints+inversions; tinyImageNet needs stages 1-2 first.
#
# dataset	method	dshort	experiment	lasttask	tasknum	lamb	lamb_emp	ckpt	invdir
cifar100	ewc	cifar100	split_cifar100	9	10	500000	-	repro/artifacts/cifar100_files/cl_methods/ewc/ewc_lamb_500000.0__model_type_resnet_dataset_split_cifar100_optim_name_sgd_class_num_10_bs_16_lr_0.01_n_epochs_20__model_name_ResNet_task_num_9__seed_0_emb_fact_1_im_sz_32____.pkl	repro/artifacts/cifar100_files/inverted_data/inv_data_ewc_cifar100_alltasks_resnet
cifar100	mas	cifar100	split_cifar100	9	10	10	-	repro/artifacts/cifar100_files/cl_methods/mas/mas_lamb_10.0__model_type_resnet_dataset_split_cifar100_optim_name_sgd_class_num_10_bs_16_lr_0.01_n_epochs_20__model_name_ResNet_task_num_9__seed_0_emb_fact_1_im_sz_32____.pkl	repro/artifacts/cifar100_files/inverted_data/inv_data_mas_cifar100_alltasks_resnet
cifar100	rwalk	cifar100	split_cifar100	9	10	1	-	repro/artifacts/cifar100_files/cl_methods/rwalk/rwalk_lamb_1.0__model_type_resnet_dataset_split_cifar100_optim_name_sgd_class_num_10_bs_16_lr_0.01_n_epochs_20__model_name_ResNet_task_num_9__seed_0_emb_fact_1_im_sz_32____.pkl	repro/artifacts/cifar100_files/inverted_data/inv_data_rwalk_cifar100_alltasks_resnet
cifar100	afec_ewc	cifar100	split_cifar100	9	10	500000	100	repro/artifacts/cifar100_files/cl_methods/afec_ewc/afec_ewc_lamb_500000.0_lambemp_100.0__model_type_resnet_dataset_split_cifar100_class_num_10_bs_16_lr_0.01_n_epochs_20__model_name_ResNet_task_num_9__seed_0_emb_fact_1_im_sz_32____.pkl	repro/artifacts/cifar100_files/inverted_data/inv_data_afecewc_10splitcifar100_alltasks_resnet
mini	ewc	mini	split_mini_imagenet	9	10	10000	-	repro/artifacts/miniImagenet_files/cl_methods/ewc_lamb_10000.0__model_type_resnet_dataset_split_mini_imagenet_class_num_10_bs_16_lr_0.01_n_epochs_20__model_name_ResNet_task_num_9__seed_0_emb_fact_1_im_sz_32____.pkl	repro/artifacts/miniImagenet_files/inverted_data/inv_data_ewc_10splitminiimagenet_alltasks_resnet
mini	mas	mini	split_mini_imagenet	9	10	5	-	repro/artifacts/miniImagenet_files/cl_methods/mas_lamb_5.0__model_type_resnet_dataset_split_mini_imagenet_class_num_10_bs_16_lr_0.01_n_epochs_20__model_name_ResNet_task_num_9__seed_0_emb_fact_1_im_sz_32____.pkl	repro/artifacts/miniImagenet_files/inverted_data/inv_data_mas_10splitminiimagenet_alltasks_resnet
mini	rwalk	mini	split_mini_imagenet	9	10	5	-	repro/artifacts/miniImagenet_files/cl_methods/rwalk_lamb_5.0__model_type_resnet_dataset_split_mini_imagenet_class_num_10_bs_16_lr_0.01_n_epochs_20__model_name_ResNet_task_num_9__seed_0_emb_fact_1_im_sz_32____.pkl	repro/artifacts/miniImagenet_files/inverted_data/inv_data_rwalk_10splitminiimagenet_alltasks_resnet
mini	afec_ewc	mini	split_mini_imagenet	9	10	5000	1	repro/artifacts/miniImagenet_files/cl_methods/afec_ewc_lamb_5000.0_lambemp_1.0__model_type_resnet_dataset_split_mini_imagenet_class_num_10_bs_16_lr_0.01_n_epochs_20__model_name_ResNet_task_num_9__seed_0_emb_fact_1_im_sz_32____.pkl	repro/artifacts/miniImagenet_files/inverted_data/inv_data_afecewc_10splitminiimagenet_alltasks_resnet
